{
  "macro_f1": 0.795408077761019,
  "per_class": {
    "negative": 0.7692307692307693,
    "neutral": 0.7058823529411765,
    "positive": 0.9111111111111111
  }
}