antecedents,consequents,support,confidence,lift,leverage,conviction
Aspect=screen,Polarity=negative,0.0375,0.7499999999999999,1.6666666666666663,0.014999999999999996,2.1999999999999993
Aspect=design,Polarity=negative,0.1,0.7272727272727273,1.6161616161616161,0.038125,2.016666666666667
Aspect=support,Polarity=negative,0.025,0.6666666666666667,1.4814814814814816,0.008125,1.6500000000000006
